{
    "vertices":[0.000132,-2.86068,-1.41421,1.41421,-2.86068,0.000132,-1.41421,-2.86068,-0.000132,0.000133,3.16718,-1.41421,1.41421,3.16718,0.000133,-1.41421,3.16718,-0.000132,0.414771,-2.86068,0.999388,-0.414957,-2.86068,0.999311,-0.414958,3.16718,0.99931,0.414771,3.16718,0.999388],
    "normals":[-0.707173,-0,0.707041,0.707173,-0,-0.707041,-0,-1,0,0,-1,0,0,-1,0,-0,1,0,0,1,0,0,1,0,-0.707041,0,-0.707173,-9.4e-05,0,1,0.707041,-0,0.707173],
    "influencesPerVertex":2,
    "materials":[{
        "transparent":false,
        "wireframe":false,
        "shading":"phong",
        "depthTest":true,
        "visible":true,
        "depthWrite":true,
        "specularCoef":50,
        "colorEmissive":[0,0,0],
        "colorDiffuse":[0.64,0.64,0.64],
        "DbgColor":15658734,
        "DbgIndex":0,
        "DbgName":"Building",
        "blending":"NormalBlending",
        "opacity":1,
        "colorSpecular":[0.5,0.5,0.5]
    },{
        "transparent":false,
        "wireframe":false,
        "shading":"phong",
        "depthTest":true,
        "visible":true,
        "depthWrite":true,
        "specularCoef":50,
        "colorEmissive":[0,0,0],
        "colorDiffuse":[0.64,0.64,0.64],
        "DbgColor":15597568,
        "DbgIndex":1,
        "DbgName":"Rooftop",
        "blending":"NormalBlending",
        "opacity":1,
        "colorSpecular":[0.5,0.5,0.5]
    }],
    "skinIndices":[],
    "skinWeights":[],
    "uvs":[[1.00097,4.8e-05,1.00097,0.999952,0.000395,0.999952,0.000395,4.8e-05,0,0,0.412101,3.7e-05,0.4121,0.999963,3.7e-05,0.999963,3.7e-05,3.7e-05,1.00132,4.8e-05,1.00132,0.999952,4.8e-05,0.999952,4.8e-05,4.8e-05]],
    "metadata":{
        "vertices":10,
        "type":"Geometry",
        "normals":11,
        "materials":2,
        "generator":"io_three",
        "version":3,
        "uvs":1,
        "faces":11
    },
    "faces":[43,7,8,5,2,0,0,1,2,3,0,0,0,0,43,0,3,4,1,0,4,4,4,4,1,1,1,1,42,2,0,1,0,4,4,4,2,2,2,42,1,6,7,0,4,4,4,3,3,3,42,1,7,2,0,4,4,4,4,4,4,42,4,3,5,1,4,4,4,5,5,5,42,5,8,9,1,4,4,4,6,6,6,42,5,9,4,1,4,4,4,7,7,7,43,3,0,2,5,0,4,4,4,4,8,8,8,8,43,6,9,8,7,0,5,6,7,8,9,9,9,9,43,1,4,9,6,0,9,10,11,12,10,10,10,10]
}