{
    "data":{
        "index":{
            "array":[0,1,2,3,4,5,6,7,8,9,10,11,12,13,14,15,16,17,18,19,20,21,22,23,24,25,26,27,28,29,30,31,32,33,34,35],
            "type":"Uint16Array",
            "itemSize":1
        },
        "attributes":{
            "position":{
                "array":[1.02758,-2.00388,0.991667,0.964118,-1.93301,3.28736,-1.28988,-1.93301,3.28736,-1.44246,0.561882,0.727883,-1.5981,0.524868,3.48426,1.27234,0.524868,3.48426,1.02758,-2.00388,0.991667,1.1167,0.561882,0.727884,1.27234,0.524868,3.48426,1.27234,0.524868,3.48426,-1.5981,0.524868,3.48426,-1.28988,-1.93301,3.28736,-1.5981,0.524868,3.48426,-1.44246,0.561882,0.727883,-1.35334,-2.00388,0.991667,1.02758,-2.00388,0.991667,-1.35334,-2.00388,0.991667,-1.44246,0.561882,0.727883,-1.35334,-2.00388,0.991667,1.02758,-2.00388,0.991667,-1.28988,-1.93301,3.28736,1.1167,0.561882,0.727884,-1.44246,0.561882,0.727883,1.27234,0.524868,3.48426,0.964118,-1.93301,3.28736,1.02758,-2.00388,0.991667,1.27234,0.524868,3.48426,0.964118,-1.93301,3.28736,1.27234,0.524868,3.48426,-1.28988,-1.93301,3.28736,-1.28988,-1.93301,3.28736,-1.5981,0.524868,3.48426,-1.35334,-2.00388,0.991667,1.1167,0.561882,0.727884,1.02758,-2.00388,0.991667,-1.44246,0.561882,0.727883],
                "type":"Float32Array",
                "itemSize":3
            },
            "normal":{
                "array":[0,-0.999524,0.0308541,0,-0.999524,0.0308541,0,-0.999524,0.0308541,2.46928e-07,0.99991,0.0134272,2.46928e-07,0.99991,0.0134272,2.46928e-07,0.99991,0.0134272,0.99756,-0.0404965,-0.0568691,0.99756,-0.0404965,-0.0568691,0.99756,-0.0404965,-0.0568691,-1.85488e-07,-0.0798533,0.996807,-1.85488e-07,-0.0798533,0.996807,-1.85488e-07,-0.0798533,0.996807,-0.99756,-0.0404965,-0.0568698,-0.99756,-0.0404965,-0.0568698,-0.99756,-0.0404965,-0.0568698,1.99224e-07,-0.10227,-0.994757,1.99224e-07,-0.10227,-0.994757,1.99224e-07,-0.10227,-0.994757,-6.17929e-09,-0.999524,0.0308541,-6.17929e-09,-0.999524,0.0308541,-6.17929e-09,-0.999524,0.0308541,-1.41608e-07,0.99991,0.0134276,-1.41608e-07,0.99991,0.0134276,-1.41608e-07,0.99991,0.0134276,0.991429,-0.126834,0.0313225,0.991429,-0.126834,0.0313225,0.991429,-0.126834,0.0313225,0,-0.0798535,0.996807,0,-0.0798535,0.996807,0,-0.0798535,0.996807,-0.991429,-0.126835,0.0313223,-0.991429,-0.126835,0.0313223,-0.991429,-0.126835,0.0313223,1.62538e-07,-0.10227,-0.994757,1.62538e-07,-0.10227,-0.994757,1.62538e-07,-0.10227,-0.994757],
                "type":"Float32Array",
                "itemSize":3
            }
        }
    },
    "metadata":{
        "generator":"io_three",
        "type":"BufferGeometry",
        "position":36,
        "version":3,
        "normal":36
    }
}